Augmentation,Shape Bias,Shape Match,Texture Match,CIFAR-10 Accuracy
Baseline,47.199999999999996%,24.081632653061224%,26.93877551020408%,93.91000000000001%
+Rotate,39.25925925925925%,21.63265306122449%,33.46938775510204%,84.75%
+Cutout,44.71544715447154%,22.448979591836736%,27.755102040816325%,94.27%
+Sobel Filtering,44.8%,22.857142857142858%,28.163265306122447%,86.92%
+Gaussian Blur,42.96874999999999%,22.448979591836736%,29.795918367346943%,85.9%
+Color Distortion,49.586776859504134%,24.489795918367346%,24.897959183673468%,91.34%
+Gaussain Noise,49.57983193277311%,24.081632653061224%,24.489795918367346%,92.01%
