Augmentation,Shape Bias,Shape Match,Texture Match,CIFAR-10 Accuracy
Baseline,32.3045267489712%,12.265625%,25.703125%,78.064%
+Rotate,31.501057082452434%,11.640625%,25.3125%,72.774%
+Cutout,32.89760348583878%,11.796875%,24.0625%,88.07000000000001%
+Sobel Filtering,29.556650246305416%,9.375%,22.34375%,69.296%
+Gaussian Blur,29.100529100529105%,8.59375%,20.9375%,59.855999999999995%
+Color Distortion,35.58441558441559%,10.703125%,19.375%,77.346%
+Gaussain Noise,35.5%,11.09375%,20.15625%,76.844%
