Augmentation,Shape Bias,Shape Match,Texture Match,CIFAR-10 Accuracy
Baseline,61.62790697674419%,43.26530612244898%,26.93877551020408%,97.28618264198303%
+Rotate,58.974358974358964%,37.55102040816327%,26.122448979591837%,96.5974509716034%
+Cutout,61.142857142857146%,43.673469387755105%,27.755102040816325%,97.16283082962036%
+Sobel Filtering,56.84210526315789%,44.08163265306123%,33.46938775510204%,92.21833944320679%
+Gaussian Blur,61.352657004830924%,51.83673469387755%,32.6530612244898%,97.75904417037964%
+Color Distortion,62.019230769230774%,52.6530612244898%,32.244897959183675%,97.74876832962036%
+Gaussain Noise,62.72727272727272%,56.326530612244895%,33.46938775510204%,97.36841917037964%
